FirmID,Date,Sales_pred_final
0.0,2021-12-04,1809.0000538266302
0.0,2021-12-05,2006.216446958193
0.0,2021-12-06,1155.5722400171173
0.0,2021-12-07,1277.7884304311713
0.0,2021-12-08,1285.1449346646054
0.0,2021-12-09,1133.3749956049219
0.0,2021-12-10,1290.0795187174836
0.0,2021-12-11,1882.7444499787832
0.0,2021-12-12,2116.4113432668755
0.0,2021-12-13,1107.2591048582117
0.0,2021-12-14,1139.987163178302
0.0,2021-12-15,1240.8795496505977
0.0,2021-12-16,1167.1067496516778
0.0,2021-12-17,1125.5953606453952
0.0,2021-12-18,1899.7652210492975
0.0,2021-12-19,2026.143875504255
0.0,2021-12-20,1312.8156470478657
0.0,2021-12-21,1144.2234962177558
0.0,2021-12-22,982.6898376150368
0.0,2021-12-23,1194.96833486659
0.0,2021-12-24,1048.998222272696
0.0,2021-12-25,1863.3226038846665
0.0,2021-12-26,1887.0595096317115
0.0,2021-12-27,1338.8752582114698
0.0,2021-12-28,1183.0342993351856
0.0,2021-12-29,1165.281482307451
0.0,2021-12-30,1006.2938517123218
0.0,2021-12-31,1016.7379025807695
1.0,2021-12-04,2072.0616128249258
1.0,2021-12-05,1798.4329401892587
1.0,2021-12-06,1536.3375563267236
1.0,2021-12-07,1228.3163377350756
1.0,2021-12-08,1173.5023258211527
1.0,2021-12-09,1661.417891619595
1.0,2021-12-10,1423.1167549280317
1.0,2021-12-11,1822.19105946351
1.0,2021-12-12,2213.143065351095
1.0,2021-12-13,1428.7302825892093
1.0,2021-12-14,1487.3861298137276
1.0,2021-12-15,1563.091962812592
1.0,2021-12-16,1388.0050143452459
1.0,2021-12-17,1674.66494741843
1.0,2021-12-18,2074.771410457922
1.0,2021-12-19,2129.2409076046633
1.0,2021-12-20,1393.3429650294281
1.0,2021-12-21,1555.5363902940712
1.0,2021-12-22,1157.8289218661027
1.0,2021-12-23,1630.1848683190155
1.0,2021-12-24,1651.8699198816994
1.0,2021-12-25,1767.1142374898732
1.0,2021-12-26,1914.1274098274794
1.0,2021-12-27,1457.614650065099
1.0,2021-12-28,1351.3432155520284
1.0,2021-12-29,1367.4555374480456
1.0,2021-12-30,1457.9996762737335
1.0,2021-12-31,1310.0292533206493
2.0,2021-12-04,1307.179406528092
2.0,2021-12-05,1411.1294357352049
2.0,2021-12-06,684.4438973391923
2.0,2021-12-07,914.9034556103132
2.0,2021-12-08,848.602445481899
2.0,2021-12-09,658.2542712006343
2.0,2021-12-10,933.9264441849132
2.0,2021-12-11,1533.9365708799824
2.0,2021-12-12,1286.2886043689068
2.0,2021-12-13,660.454712842344
2.0,2021-12-14,772.0573082208676
2.0,2021-12-15,1001.8750078868984
2.0,2021-12-16,743.6759807110514
2.0,2021-12-17,723.2565817144389
2.0,2021-12-18,1352.2222442915313
2.0,2021-12-19,1473.7603692245852
2.0,2021-12-20,983.0185489196679
2.0,2021-12-21,983.3961228422145
2.0,2021-12-22,954.0014482499862
2.0,2021-12-23,685.7353367734349
2.0,2021-12-24,845.9309294947814
2.0,2021-12-25,1592.8564682726064
2.0,2021-12-26,1420.8838491016913
2.0,2021-12-27,678.1619375087394
2.0,2021-12-28,890.45414241173
2.0,2021-12-29,718.8464064732309
2.0,2021-12-30,771.8103761455677
2.0,2021-12-31,738.1426023431934
3.0,2021-12-04,1468.2242376505483
3.0,2021-12-05,1301.1368010010756
3.0,2021-12-06,1069.6286161200162
3.0,2021-12-07,1125.9080435242136
3.0,2021-12-08,814.2768640508281
3.0,2021-12-09,1216.5560668913358
3.0,2021-12-10,1379.5801059193386
3.0,2021-12-11,1448.3716674787156
3.0,2021-12-12,1415.8622255658572
3.0,2021-12-13,1121.1199230636867
3.0,2021-12-14,1048.2802862432875
3.0,2021-12-15,875.9302591110019
3.0,2021-12-16,953.7236530633269
3.0,2021-12-17,964.1398089370592
3.0,2021-12-18,1542.1681139667214
3.0,2021-12-19,1339.8286794049175
3.0,2021-12-20,986.8752894871747
3.0,2021-12-21,1124.83258605689
3.0,2021-12-22,1051.9690183029784
3.0,2021-12-23,1018.1796590452575
3.0,2021-12-24,676.7801408223891
3.0,2021-12-25,1185.1391446062912
3.0,2021-12-26,1119.4209869805964
3.0,2021-12-27,998.3809927053567
3.0,2021-12-28,1145.7365008918387
3.0,2021-12-29,1144.2910938002217
3.0,2021-12-30,852.0198834612283
3.0,2021-12-31,1158.843803606672
4.0,2021-12-04,1566.692765676293
4.0,2021-12-05,1201.7753635881338
4.0,2021-12-06,904.2511321156753
4.0,2021-12-07,708.4995861698405
4.0,2021-12-08,1280.8689859184942
4.0,2021-12-09,856.0083981981293
4.0,2021-12-10,1198.4133954817653
4.0,2021-12-11,1374.4795819426588
4.0,2021-12-12,1392.1788112146583
4.0,2021-12-13,1132.0250305955178
4.0,2021-12-14,937.0114446898037
4.0,2021-12-15,1038.0259170986965
4.0,2021-12-16,1131.2188992985207
4.0,2021-12-17,1143.6134419670625
4.0,2021-12-18,1521.1536345221152
4.0,2021-12-19,1337.3414984083033
4.0,2021-12-20,1013.2002755569438
4.0,2021-12-21,1225.6240034935377
4.0,2021-12-22,1171.4060058313112
4.0,2021-12-23,1083.4292088816458
4.0,2021-12-24,1139.0432103673038
4.0,2021-12-25,1658.5850981001258
4.0,2021-12-26,1424.024198418361
4.0,2021-12-27,1186.5462007281906
4.0,2021-12-28,1061.047106077902
4.0,2021-12-29,1049.9140449764066
4.0,2021-12-30,1068.7251240910005
4.0,2021-12-31,1051.4994692239393
5.0,2021-12-04,608.6266075083793
5.0,2021-12-05,685.7452423725153
5.0,2021-12-06,661.1628351917375
5.0,2021-12-07,385.2773765670411
5.0,2021-12-08,519.3411233101165
5.0,2021-12-09,596.4940865404109
5.0,2021-12-10,893.1104972766295
5.0,2021-12-11,809.2543670824735
5.0,2021-12-12,705.0518365622013
5.0,2021-12-13,502.0467409498708
5.0,2021-12-14,488.9131106787894
5.0,2021-12-15,657.0781389692343
5.0,2021-12-16,711.23192613759
5.0,2021-12-17,845.2782931386007
5.0,2021-12-18,1115.0420211593332
5.0,2021-12-19,737.1701561931449
5.0,2021-12-20,595.5296120356575
5.0,2021-12-21,480.9145782624164
5.0,2021-12-22,831.1977028539637
5.0,2021-12-23,647.5184931159023
5.0,2021-12-24,524.6195847726121
5.0,2021-12-25,795.9124773647211
5.0,2021-12-26,1051.0841323445516
5.0,2021-12-27,486.01317039095426
5.0,2021-12-28,518.3805109933771
5.0,2021-12-29,478.9800839840308
5.0,2021-12-30,483.3932897822021
5.0,2021-12-31,548.3231552957218
6.0,2021-12-04,904.5424868206333
6.0,2021-12-05,871.717124395594
6.0,2021-12-06,655.8064989883011
6.0,2021-12-07,811.2467155367863
6.0,2021-12-08,669.5183628444936
6.0,2021-12-09,656.3503486716509
6.0,2021-12-10,714.7972066931998
6.0,2021-12-11,808.8865242747152
6.0,2021-12-12,826.6227683347659
6.0,2021-12-13,702.5189667223425
6.0,2021-12-14,622.0510702725835
6.0,2021-12-15,602.5538571837924
6.0,2021-12-16,828.593473071794
6.0,2021-12-17,552.1630366832028
6.0,2021-12-18,640.6504183110694
6.0,2021-12-19,770.5991240841329
6.0,2021-12-20,645.7497915871749
6.0,2021-12-21,916.5378581584351
6.0,2021-12-22,679.703553801415
6.0,2021-12-23,779.1516799282256
6.0,2021-12-24,787.2638391937958
6.0,2021-12-25,955.5692010432258
6.0,2021-12-26,707.7275908992774
6.0,2021-12-27,881.0265791029155
6.0,2021-12-28,710.0738463726882
6.0,2021-12-29,752.1002925926061
6.0,2021-12-30,799.3277199251995
6.0,2021-12-31,838.1758582047696
7.0,2021-12-04,827.0421576709614
7.0,2021-12-05,779.5222839875803
7.0,2021-12-06,495.4198713466885
7.0,2021-12-07,714.1103501281799
7.0,2021-12-08,883.3520942966096
7.0,2021-12-09,549.8656073128092
7.0,2021-12-10,834.4467667385843
7.0,2021-12-11,765.9847861692517
7.0,2021-12-12,992.1800659205256
7.0,2021-12-13,592.7218684794292
7.0,2021-12-14,778.9546406627857
7.0,2021-12-15,514.8923884384538
7.0,2021-12-16,570.6438011208797
7.0,2021-12-17,649.1561675334178
7.0,2021-12-18,913.5000548302723
7.0,2021-12-19,778.1434890018089
7.0,2021-12-20,696.8326877321304
7.0,2021-12-21,700.0223232390969
7.0,2021-12-22,646.2522884010964
7.0,2021-12-23,633.7774379447909
7.0,2021-12-24,694.4485206379386
7.0,2021-12-25,724.6944578873647
7.0,2021-12-26,704.0060937271071
7.0,2021-12-27,616.2337957532845
7.0,2021-12-28,668.8539315092304
7.0,2021-12-29,496.48042411329664
7.0,2021-12-30,466.91704653352963
7.0,2021-12-31,584.3126083529171
8.0,2021-12-04,826.4759469785109
8.0,2021-12-05,739.6191983362041
8.0,2021-12-06,636.4728441748973
8.0,2021-12-07,696.9309704245585
8.0,2021-12-08,683.8593200710184
8.0,2021-12-09,702.0154412773339
8.0,2021-12-10,563.8165878444556
8.0,2021-12-11,886.8545740795382
8.0,2021-12-12,769.6698590977844
8.0,2021-12-13,736.4032349277609
8.0,2021-12-14,629.4525582347532
8.0,2021-12-15,678.2048215757743
8.0,2021-12-16,607.4056442947999
8.0,2021-12-17,619.67331181701
8.0,2021-12-18,796.851159389794
8.0,2021-12-19,751.0429672660862
8.0,2021-12-20,546.5116210433364
8.0,2021-12-21,513.7403129796684
8.0,2021-12-22,517.7194902944545
8.0,2021-12-23,472.2377056639178
8.0,2021-12-24,577.9546241492403
8.0,2021-12-25,871.8458083615749
8.0,2021-12-26,852.8112129200758
8.0,2021-12-27,546.4722905575464
8.0,2021-12-28,599.8953019291114
8.0,2021-12-29,577.819688446544
8.0,2021-12-30,471.7719718327216
8.0,2021-12-31,491.217048564381
9.0,2021-12-04,878.8363190276145
9.0,2021-12-05,1037.088655991102
9.0,2021-12-06,737.2409560808622
9.0,2021-12-07,658.916197571973
9.0,2021-12-08,761.5983193042774
9.0,2021-12-09,738.894662651099
9.0,2021-12-10,856.4403537559111
9.0,2021-12-11,894.1289549356849
9.0,2021-12-12,1109.882875865339
9.0,2021-12-13,802.3492907089415
9.0,2021-12-14,915.9991443403879
9.0,2021-12-15,751.7615808435578
9.0,2021-12-16,764.3286825188602
9.0,2021-12-17,783.6394539474953
9.0,2021-12-18,988.661801509662
9.0,2021-12-19,1133.7792890470046
9.0,2021-12-20,656.6678070499416
9.0,2021-12-21,562.8523712537382
9.0,2021-12-22,832.921409288041
9.0,2021-12-23,699.448690785595
9.0,2021-12-24,924.6372757375253
9.0,2021-12-25,1010.0045910254814
9.0,2021-12-26,1047.1049811024338
9.0,2021-12-27,915.4339393198043
9.0,2021-12-28,736.9461773853741
9.0,2021-12-29,877.7229681861539
9.0,2021-12-30,642.6241157138832
9.0,2021-12-31,851.9534550737694
10.0,2021-12-04,3383.1442840626883
10.0,2021-12-05,3434.835035918184
10.0,2021-12-06,2512.5127961908447
10.0,2021-12-07,2365.737911890693
10.0,2021-12-08,2635.853816217342
10.0,2021-12-09,2365.7765256339153
10.0,2021-12-10,3506.794001229422
10.0,2021-12-11,3276.7290205515105
10.0,2021-12-12,2978.8734952217583
10.0,2021-12-13,2893.9750030355594
10.0,2021-12-14,2827.9419668440737
10.0,2021-12-15,2677.9977173571233
10.0,2021-12-16,2854.9929429853664
10.0,2021-12-17,2257.220407164592
10.0,2021-12-18,3258.054158834205
10.0,2021-12-19,3327.9693021013277
10.0,2021-12-20,2240.4812299553078
10.0,2021-12-21,2854.350660117011
10.0,2021-12-22,2565.6919644614723
10.0,2021-12-23,2704.4486849240757
10.0,2021-12-24,2803.7143665860985
10.0,2021-12-25,3287.273949348089
10.0,2021-12-26,3919.7612398420565
10.0,2021-12-27,2847.0050089781007
10.0,2021-12-28,2866.942261189007
10.0,2021-12-29,2362.848678711805
10.0,2021-12-30,2496.3480075273965
10.0,2021-12-31,2906.2486771708495
11.0,2021-12-04,973.2797036479083
11.0,2021-12-05,794.7961691396956
11.0,2021-12-06,374.155302331771
11.0,2021-12-07,325.76483014011353
11.0,2021-12-08,377.7600659977177
11.0,2021-12-09,520.32789391957
11.0,2021-12-10,455.5830027790022
11.0,2021-12-11,909.2674349088227
11.0,2021-12-12,766.4840771409636
11.0,2021-12-13,244.84314612498454
11.0,2021-12-14,415.07365108799974
11.0,2021-12-15,456.5099603956002
11.0,2021-12-16,449.8678009631178
11.0,2021-12-17,380.7915682531211
11.0,2021-12-18,948.894158281691
11.0,2021-12-19,904.1876207805233
11.0,2021-12-20,457.77082520707563
11.0,2021-12-21,405.87924075498853
11.0,2021-12-22,486.4742242563275
11.0,2021-12-23,305.28198626721417
11.0,2021-12-24,247.06949080124699
11.0,2021-12-25,743.9068755420165
11.0,2021-12-26,852.1694483380488
11.0,2021-12-27,500.1897119608558
11.0,2021-12-28,424.5067412472324
11.0,2021-12-29,411.0919983549559
11.0,2021-12-30,325.1687066857054
11.0,2021-12-31,294.1543008103563
12.0,2021-12-04,836.898267959377
12.0,2021-12-05,976.7592105274616
12.0,2021-12-06,879.0759064144745
12.0,2021-12-07,735.8199225101993
12.0,2021-12-08,858.5671091633251
12.0,2021-12-09,843.6851259421753
12.0,2021-12-10,932.6697239259828
12.0,2021-12-11,1114.246852749028
12.0,2021-12-12,1027.825648197269
12.0,2021-12-13,959.255636853942
12.0,2021-12-14,762.0542601342354
12.0,2021-12-15,1117.1753602551287
12.0,2021-12-16,817.802306532918
12.0,2021-12-17,796.3985066425266
12.0,2021-12-18,981.9358104886628
12.0,2021-12-19,950.5783380086547
12.0,2021-12-20,1004.25908454102
12.0,2021-12-21,921.2760591415042
12.0,2021-12-22,943.7182215459641
12.0,2021-12-23,776.9689569694713
12.0,2021-12-24,708.9315742700363
12.0,2021-12-25,1065.7164655272154
12.0,2021-12-26,1051.1917348439165
12.0,2021-12-27,825.3635481489644
12.0,2021-12-28,800.68621344036
12.0,2021-12-29,773.7625098785886
12.0,2021-12-30,918.6998474553757
12.0,2021-12-31,846.7098067648135
13.0,2021-12-04,1337.140614097745
13.0,2021-12-05,1164.9968604775531
13.0,2021-12-06,873.0541094018151
13.0,2021-12-07,870.5257696100226
13.0,2021-12-08,816.7500781321914
13.0,2021-12-09,816.9399335185209
13.0,2021-12-10,1117.2676342386771
13.0,2021-12-11,1033.3309258898043
13.0,2021-12-12,1060.2435597670658
13.0,2021-12-13,740.9668336604134
13.0,2021-12-14,1075.35539184878
13.0,2021-12-15,843.7210776579739
13.0,2021-12-16,879.7364302247194
13.0,2021-12-17,860.7113997588433
13.0,2021-12-18,1256.2320582366235
13.0,2021-12-19,1188.1559520451665
13.0,2021-12-20,619.1375117628218
13.0,2021-12-21,938.8512731106191
13.0,2021-12-22,851.8199555336557
13.0,2021-12-23,627.7094172802928
13.0,2021-12-24,895.5132647338316
13.0,2021-12-25,1199.758376463721
13.0,2021-12-26,1195.8033966433782
13.0,2021-12-27,932.6408103292615
13.0,2021-12-28,731.8492506142543
13.0,2021-12-29,1048.8572071607252
13.0,2021-12-30,885.7839631254351
13.0,2021-12-31,976.3223383978807
14.0,2021-12-04,695.9219597149788
14.0,2021-12-05,643.599501319623
14.0,2021-12-06,567.8107647918522
14.0,2021-12-07,549.9955007214558
14.0,2021-12-08,445.0328880224033
14.0,2021-12-09,528.3545910766846
14.0,2021-12-10,507.87532620022967
14.0,2021-12-11,746.9906441483305
14.0,2021-12-12,727.3666612722884
14.0,2021-12-13,478.85380475906845
14.0,2021-12-14,603.7871058445446
14.0,2021-12-15,447.46077252978034
14.0,2021-12-16,518.6154388926254
14.0,2021-12-17,617.2519542294381
14.0,2021-12-18,788.6443313668681
14.0,2021-12-19,789.940420463461
14.0,2021-12-20,468.1146337429509
14.0,2021-12-21,582.6262238473357
14.0,2021-12-22,570.535696808797
14.0,2021-12-23,640.1208263541303
14.0,2021-12-24,465.26579190098414
14.0,2021-12-25,779.8069142442333
14.0,2021-12-26,743.3897063832985
14.0,2021-12-27,500.7063590058966
14.0,2021-12-28,593.8468775757667
14.0,2021-12-29,527.469373110634
14.0,2021-12-30,623.3873153682479
14.0,2021-12-31,592.7122935438056
15.0,2021-12-04,911.2145836573613
15.0,2021-12-05,985.9070559534332
15.0,2021-12-06,751.7531251075009
15.0,2021-12-07,784.5805125160252
15.0,2021-12-08,712.9785455549875
15.0,2021-12-09,818.4931835889629
15.0,2021-12-10,764.3433289432934
15.0,2021-12-11,1054.7479596211656
15.0,2021-12-12,1141.0424927531835
15.0,2021-12-13,865.1670111415373
15.0,2021-12-14,740.2582128654674
15.0,2021-12-15,737.9673451747202
15.0,2021-12-16,866.3905090842472
15.0,2021-12-17,811.7418699543863
15.0,2021-12-18,1299.442114621223
15.0,2021-12-19,1247.6231930457723
15.0,2021-12-20,739.6858174425631
15.0,2021-12-21,774.554203743343
15.0,2021-12-22,653.2835483662886
15.0,2021-12-23,987.6133083132901
15.0,2021-12-24,577.0619369158517
15.0,2021-12-25,1070.8062695651722
15.0,2021-12-26,1082.0230217157389
15.0,2021-12-27,884.8726205625119
15.0,2021-12-28,790.6561032864827
15.0,2021-12-29,837.3421528741809
15.0,2021-12-30,882.2698535516549
15.0,2021-12-31,793.6989175095563
16.0,2021-12-04,4744.3786596003465
16.0,2021-12-05,4222.120335903473
16.0,2021-12-06,3203.354670085906
16.0,2021-12-07,4086.085474753427
16.0,2021-12-08,3914.438564713544
16.0,2021-12-09,3298.041601969506
16.0,2021-12-10,3745.609382417904
16.0,2021-12-11,4727.629395332111
16.0,2021-12-12,4797.27842086434
16.0,2021-12-13,4345.4510888324985
16.0,2021-12-14,3752.893539792097
16.0,2021-12-15,3727.5367980307683
16.0,2021-12-16,3772.5601333487307
16.0,2021-12-17,3756.4924450012854
16.0,2021-12-18,4808.901794937117
16.0,2021-12-19,4826.9808872263775
16.0,2021-12-20,4083.5180319645597
16.0,2021-12-21,4540.811045072967
16.0,2021-12-22,3777.832950563844
16.0,2021-12-23,3773.977890726327
16.0,2021-12-24,4434.441273679006
16.0,2021-12-25,4999.287312610815
16.0,2021-12-26,5094.630608708209
16.0,2021-12-27,3975.5421474030304
16.0,2021-12-28,3948.9674718186634
16.0,2021-12-29,3834.4138632139666
16.0,2021-12-30,4004.0315217448906
16.0,2021-12-31,4215.455629123918
17.0,2021-12-04,1232.9049335136604
17.0,2021-12-05,1027.0927252447914
17.0,2021-12-06,692.6165227437973
17.0,2021-12-07,758.0373983083834
17.0,2021-12-08,771.4360811050411
17.0,2021-12-09,957.1123382470205
17.0,2021-12-10,822.6563544471564
17.0,2021-12-11,1228.9233209105546
17.0,2021-12-12,1109.6644017565043
17.0,2021-12-13,944.3569476688926
17.0,2021-12-14,836.6938227677825
17.0,2021-12-15,804.7208510326836
17.0,2021-12-16,630.5862627806504
17.0,2021-12-17,995.8215257938294
17.0,2021-12-18,1281.3960687394751
17.0,2021-12-19,1363.782002221088
17.0,2021-12-20,1061.6388857675038
17.0,2021-12-21,824.7656590945228
17.0,2021-12-22,813.62714693909
17.0,2021-12-23,563.1290854650692
17.0,2021-12-24,729.5877945695761
17.0,2021-12-25,1230.2361914974754
17.0,2021-12-26,1098.5446001361352
17.0,2021-12-27,858.4258932915417
17.0,2021-12-28,981.2901750509088
17.0,2021-12-29,737.6638298961324
17.0,2021-12-30,703.421981955163
17.0,2021-12-31,970.2253716991978
18.0,2021-12-04,4000.3421762509597
18.0,2021-12-05,3861.6340091759857
18.0,2021-12-06,2270.888384031246
18.0,2021-12-07,2515.937557628428
18.0,2021-12-08,2600.390628886372
18.0,2021-12-09,3045.746583536791
18.0,2021-12-10,3032.7905902756856
18.0,2021-12-11,4187.17051843523
18.0,2021-12-12,3776.5646982044213
18.0,2021-12-13,2716.121159058569
18.0,2021-12-14,2606.4433850570895
18.0,2021-12-15,2647.1247309438736
18.0,2021-12-16,2596.013571804069
18.0,2021-12-17,2628.9998852287063
18.0,2021-12-18,4124.442003523903
18.0,2021-12-19,4157.524287211112
18.0,2021-12-20,2831.0679938478497
18.0,2021-12-21,2737.9516009249846
18.0,2021-12-22,2430.087602227385
18.0,2021-12-23,2495.424566871334
18.0,2021-12-24,2626.3125687901056
18.0,2021-12-25,4172.297980325553
18.0,2021-12-26,4327.002559281789
18.0,2021-12-27,2741.8671185626326
18.0,2021-12-28,2466.3877229667496
18.0,2021-12-29,2448.1531262746744
18.0,2021-12-30,2709.0761053639803
18.0,2021-12-31,2808.993452023594
19.0,2021-12-04,284.7730140744404
19.0,2021-12-05,248.19927604630078
19.0,2021-12-06,141.87436102798637
19.0,2021-12-07,99.82767060313262
19.0,2021-12-08,131.83326973664248
19.0,2021-12-09,105.11466258477517
19.0,2021-12-10,207.75194164821133
19.0,2021-12-11,328.47255053905985
19.0,2021-12-12,251.72450016505348
19.0,2021-12-13,85.09317318311471
19.0,2021-12-14,170.5867693053522
19.0,2021-12-15,172.28939401491795
19.0,2021-12-16,232.5770896110708
19.0,2021-12-17,110.50582834166637
19.0,2021-12-18,332.19298609593466
19.0,2021-12-19,309.6106088627891
19.0,2021-12-20,145.7473406993079
19.0,2021-12-21,137.90563447088311
19.0,2021-12-22,181.04427074163775
19.0,2021-12-23,194.07911962667163
19.0,2021-12-24,323.62942576800936
19.0,2021-12-25,304.892471405375
19.0,2021-12-26,278.4187141088569
19.0,2021-12-27,145.58934850393226
19.0,2021-12-28,182.30960480000118
19.0,2021-12-29,173.5013004519939
19.0,2021-12-30,224.19394397793062
19.0,2021-12-31,134.31243607799928
20.0,2021-12-04,480.5765091882845
20.0,2021-12-05,538.7697451194865
20.0,2021-12-06,428.65476732581004
20.0,2021-12-07,457.6826432043338
20.0,2021-12-08,309.8497413578654
20.0,2021-12-09,351.6676897178007
20.0,2021-12-10,435.37028775216777
20.0,2021-12-11,434.2784512021244
20.0,2021-12-12,370.76206034483175
20.0,2021-12-13,365.5941399305245
20.0,2021-12-14,279.0451489148671
20.0,2021-12-15,225.31118202742942
20.0,2021-12-16,367.68831182463714
20.0,2021-12-17,302.6934116475719
20.0,2021-12-18,372.85040623679674
20.0,2021-12-19,517.6400199211147
20.0,2021-12-20,316.0219312987555
20.0,2021-12-21,261.51743151153363
20.0,2021-12-22,254.57795976335058
20.0,2021-12-23,310.81969269865493
20.0,2021-12-24,300.29959775444445
20.0,2021-12-25,308.54928772229357
20.0,2021-12-26,508.88599907552447
20.0,2021-12-27,385.15386908404355
20.0,2021-12-28,269.5106624491711
20.0,2021-12-29,265.5065265979826
20.0,2021-12-30,363.19188826322795
20.0,2021-12-31,239.5119470615091
21.0,2021-12-04,2692.0291909126818
21.0,2021-12-05,2269.2569543832533
21.0,2021-12-06,1618.62872256116
21.0,2021-12-07,1586.468446746948
21.0,2021-12-08,1288.8869742219754
21.0,2021-12-09,1742.6879804177279
21.0,2021-12-10,1948.1209586244222
21.0,2021-12-11,2253.18710941213
21.0,2021-12-12,2373.713575774138
21.0,2021-12-13,1652.8021667353973
21.0,2021-12-14,1659.585135831358
21.0,2021-12-15,1680.3312831273106
21.0,2021-12-16,1641.2068562296759
21.0,2021-12-17,1611.5636190170785
21.0,2021-12-18,2612.0164496266043
21.0,2021-12-19,2906.6314590278616
21.0,2021-12-20,1711.7739624587416
21.0,2021-12-21,1668.7836237709462
21.0,2021-12-22,1823.5761015518726
21.0,2021-12-23,1578.4974145314209
21.0,2021-12-24,1233.666701475355
21.0,2021-12-25,2480.865940319719
21.0,2021-12-26,2702.1257259916238
21.0,2021-12-27,1471.5919492628154
21.0,2021-12-28,1471.3564674458974
21.0,2021-12-29,1584.0494534785216
21.0,2021-12-30,1878.737442961849
21.0,2021-12-31,1378.0665414040354
22.0,2021-12-04,1528.479940969461
22.0,2021-12-05,1479.3071115601379
22.0,2021-12-06,1395.9582508923736
22.0,2021-12-07,1271.571767027878
22.0,2021-12-08,989.0590910763383
22.0,2021-12-09,1189.609164837708
22.0,2021-12-10,1244.5895703013907
22.0,2021-12-11,1784.224050665924
22.0,2021-12-12,1260.455435337802
22.0,2021-12-13,1381.3478682783207
22.0,2021-12-14,1180.8851875169876
22.0,2021-12-15,1280.0212420080443
22.0,2021-12-16,1390.0695344110377
22.0,2021-12-17,1238.912255541844
22.0,2021-12-18,1528.3038878531722
22.0,2021-12-19,1601.8626295420668
22.0,2021-12-20,1640.6528180574237
22.0,2021-12-21,1554.8926822418596
22.0,2021-12-22,1702.254800572018
22.0,2021-12-23,1128.778548304032
22.0,2021-12-24,1270.6208506356284
22.0,2021-12-25,1716.3235760264124
22.0,2021-12-26,1687.725846200287
22.0,2021-12-27,1446.4383972835049
22.0,2021-12-28,1527.848839155965
22.0,2021-12-29,1375.0166969863849
22.0,2021-12-30,1169.8860015024115
22.0,2021-12-31,1396.797548855741
23.0,2021-12-04,1305.177565457513
23.0,2021-12-05,1539.9052353547158
23.0,2021-12-06,1195.9645060783405
23.0,2021-12-07,1388.4520495602542
23.0,2021-12-08,1230.8251127137096
23.0,2021-12-09,1092.974750853759
23.0,2021-12-10,1640.5605281039857
23.0,2021-12-11,1630.405753377334
23.0,2021-12-12,1859.370186971821
23.0,2021-12-13,1529.645605656514
23.0,2021-12-14,1373.7618779927632
23.0,2021-12-15,1355.0374158818731
23.0,2021-12-16,1406.1279375413824
23.0,2021-12-17,1118.8022479923177
23.0,2021-12-18,1825.5483127314014
23.0,2021-12-19,1518.4477279361017
23.0,2021-12-20,1407.1035008206013
23.0,2021-12-21,1465.68336971617
23.0,2021-12-22,1060.9527541540717
23.0,2021-12-23,1239.6377177252562
23.0,2021-12-24,1247.3955751705355
23.0,2021-12-25,1749.3955749371016
23.0,2021-12-26,1560.1007144395946
23.0,2021-12-27,1317.451654898211
23.0,2021-12-28,1215.7088229586489
23.0,2021-12-29,1289.1059152612906
23.0,2021-12-30,1146.4171965271971
23.0,2021-12-31,1505.9256832003612
24.0,2021-12-04,1543.9272207579033
24.0,2021-12-05,1447.4392290199346
24.0,2021-12-06,936.7956546007892
24.0,2021-12-07,890.5047167773516
24.0,2021-12-08,816.8624915818355
24.0,2021-12-09,913.2375676331089
24.0,2021-12-10,862.5131409642693
24.0,2021-12-11,1628.8841002937663
24.0,2021-12-12,1474.1231197422726
24.0,2021-12-13,775.2411561549632
24.0,2021-12-14,992.5080339647782
24.0,2021-12-15,1026.1257581008003
24.0,2021-12-16,965.2920752889935
24.0,2021-12-17,1103.902046643646
24.0,2021-12-18,1600.1079367767124
24.0,2021-12-19,1486.498748316017
24.0,2021-12-20,1058.4672320210007
24.0,2021-12-21,755.614510110689
24.0,2021-12-22,942.5318235505679
24.0,2021-12-23,1158.688204464388
24.0,2021-12-24,945.1141052391416
24.0,2021-12-25,1512.858292765215
24.0,2021-12-26,1284.0054465226883
24.0,2021-12-27,1024.9668912607465
24.0,2021-12-28,976.4030756645047
24.0,2021-12-29,892.2869370737174
24.0,2021-12-30,947.3258985533839
24.0,2021-12-31,1117.713754560592
25.0,2021-12-04,2253.034129947985
25.0,2021-12-05,1669.2256239276871
25.0,2021-12-06,1330.0876215244498
25.0,2021-12-07,1221.1225783678162
25.0,2021-12-08,1139.8634421429472
25.0,2021-12-09,1229.5704258274004
25.0,2021-12-10,1450.288989688171
25.0,2021-12-11,2229.475076425262
25.0,2021-12-12,1797.8734997681956
25.0,2021-12-13,1190.7356720316507
25.0,2021-12-14,1459.274388419544
25.0,2021-12-15,1378.0101277967783
25.0,2021-12-16,1266.3562678143535
25.0,2021-12-17,1218.0100537744122
25.0,2021-12-18,1933.7310947584579
25.0,2021-12-19,2222.062504280908
25.0,2021-12-20,1136.0368306788328
25.0,2021-12-21,1405.2504121012062
25.0,2021-12-22,1281.3068839458072
25.0,2021-12-23,1313.6739468733908
25.0,2021-12-24,1534.1971427761803
25.0,2021-12-25,2370.182700074598
25.0,2021-12-26,2052.403153279663
25.0,2021-12-27,1234.129389051303
25.0,2021-12-28,1127.2533944153965
25.0,2021-12-29,1385.6885067701378
25.0,2021-12-30,1591.723750200972
25.0,2021-12-31,1333.0853715074938
26.0,2021-12-04,2321.6529045908483
26.0,2021-12-05,2263.6222114565326
26.0,2021-12-06,1203.8856168534821
26.0,2021-12-07,1369.0754294952558
26.0,2021-12-08,960.8434048257976
26.0,2021-12-09,1157.909989986049
26.0,2021-12-10,1124.3009126681477
26.0,2021-12-11,2231.346040056861
26.0,2021-12-12,2333.5152496688734
26.0,2021-12-13,1192.4740547894528
26.0,2021-12-14,1054.348619054909
26.0,2021-12-15,1139.600044870296
26.0,2021-12-16,1095.8977718154194
26.0,2021-12-17,1023.0060431322324
26.0,2021-12-18,1978.1653190316406
26.0,2021-12-19,1968.9117637394766
26.0,2021-12-20,1123.4728740054543
26.0,2021-12-21,1218.5205565307265
26.0,2021-12-22,987.8717941552967
26.0,2021-12-23,1163.5892570173821
26.0,2021-12-24,1376.6394763053759
26.0,2021-12-25,2175.4476017230354
26.0,2021-12-26,2360.676916007349
26.0,2021-12-27,1173.6417338146439
26.0,2021-12-28,1175.6119776094233
26.0,2021-12-29,1179.09533448302
26.0,2021-12-30,1072.0886191809564
26.0,2021-12-31,1105.6394593565196
27.0,2021-12-04,1522.7552610979546
27.0,2021-12-05,1733.3621033697923
27.0,2021-12-06,1313.6346041788347
27.0,2021-12-07,1137.6938768633509
27.0,2021-12-08,1052.3528342680054
27.0,2021-12-09,1026.6179050781147
27.0,2021-12-10,1585.759692766058
27.0,2021-12-11,1833.9050692261021
27.0,2021-12-12,1631.1897744207963
27.0,2021-12-13,1118.88367369234
27.0,2021-12-14,1357.6557198824548
27.0,2021-12-15,858.218422911764
27.0,2021-12-16,1402.5524007284157
27.0,2021-12-17,1659.8053364589473
27.0,2021-12-18,1691.87991365982
27.0,2021-12-19,1712.3988487456054
27.0,2021-12-20,1217.1787498850967
27.0,2021-12-21,1548.7967993704913
27.0,2021-12-22,1066.4779689448549
27.0,2021-12-23,1029.293714693716
27.0,2021-12-24,1172.1177872530536
27.0,2021-12-25,1965.1508796750945
27.0,2021-12-26,1653.194268092952
27.0,2021-12-27,1468.8638619688477
27.0,2021-12-28,1311.6795291448075
27.0,2021-12-29,1104.4113599101956
27.0,2021-12-30,1232.5505563402317
27.0,2021-12-31,1140.00832118293
28.0,2021-12-04,1909.9886562957877
28.0,2021-12-05,1722.5377947696206
28.0,2021-12-06,1390.8389417405565
28.0,2021-12-07,1224.1253079770472
28.0,2021-12-08,1423.712688898485
28.0,2021-12-09,1178.2591325217127
28.0,2021-12-10,1308.1024058136272
28.0,2021-12-11,2141.3235551922485
28.0,2021-12-12,1743.6258829693697
28.0,2021-12-13,1461.6637415164987
28.0,2021-12-14,1258.2386410160818
28.0,2021-12-15,1178.0926605983248
28.0,2021-12-16,1316.998615827344
28.0,2021-12-17,1347.6017863487689
28.0,2021-12-18,1906.3534069704356
28.0,2021-12-19,1904.9485215230177
28.0,2021-12-20,1218.8177621850775
28.0,2021-12-21,1354.5388610385894
28.0,2021-12-22,1299.5438154023964
28.0,2021-12-23,1405.573626403259
28.0,2021-12-24,1457.7663545376877
28.0,2021-12-25,2287.2634739668306
28.0,2021-12-26,1963.9225473004074
28.0,2021-12-27,997.6479157742749
28.0,2021-12-28,1044.1301645434469
28.0,2021-12-29,1380.8012483635898
28.0,2021-12-30,1299.0023489716077
28.0,2021-12-31,1393.5243240153031
29.0,2021-12-04,1041.915806228938
29.0,2021-12-05,976.2073154662979
29.0,2021-12-06,654.7006053816145
29.0,2021-12-07,593.2280423244356
29.0,2021-12-08,758.0318415386996
29.0,2021-12-09,633.2754166058584
29.0,2021-12-10,756.0580686200335
29.0,2021-12-11,1075.7582989548785
29.0,2021-12-12,997.4223507305984
29.0,2021-12-13,762.156881713573
29.0,2021-12-14,655.0103503307548
29.0,2021-12-15,625.0186663301213
29.0,2021-12-16,589.7902570744739
29.0,2021-12-17,618.0195281069201
29.0,2021-12-18,1015.9973106000843
29.0,2021-12-19,1071.5028201960456
29.0,2021-12-20,937.2501190142045
29.0,2021-12-21,827.0563787018963
29.0,2021-12-22,863.9214745162029
29.0,2021-12-23,734.2684008581183
29.0,2021-12-24,531.5462722087399
29.0,2021-12-25,1015.646634689276
29.0,2021-12-26,1220.4731225537491
29.0,2021-12-27,839.4444876639941
29.0,2021-12-28,701.8623923283424
29.0,2021-12-29,916.4520074730196
29.0,2021-12-30,760.7520241629438
29.0,2021-12-31,736.6771895551243
30.0,2021-12-04,334.6563410506039
30.0,2021-12-05,207.10698136308793
30.0,2021-12-06,219.13259838948773
30.0,2021-12-07,221.5802281400625
30.0,2021-12-08,253.44663328590002
30.0,2021-12-09,292.4136158537653
30.0,2021-12-10,198.5082307084244
30.0,2021-12-11,253.5788548215424
30.0,2021-12-12,364.20475583698135
30.0,2021-12-13,183.20177834227857
30.0,2021-12-14,220.67792311771203
30.0,2021-12-15,179.77354546233437
30.0,2021-12-16,260.63756822257176
30.0,2021-12-17,217.03217685536848
30.0,2021-12-18,338.6784559969617
30.0,2021-12-19,223.2841068239888
30.0,2021-12-20,120.82844320954749
30.0,2021-12-21,174.0081220114764
30.0,2021-12-22,195.43627084594294
30.0,2021-12-23,191.64272960676388
30.0,2021-12-24,184.38402785124552
30.0,2021-12-25,341.8586149601132
30.0,2021-12-26,247.01453116407245
30.0,2021-12-27,84.94014606294024
30.0,2021-12-28,251.80198781222782
30.0,2021-12-29,101.17722895567239
30.0,2021-12-30,157.64756497100575
30.0,2021-12-31,236.9138882256347
31.0,2021-12-04,280.35801087204055
31.0,2021-12-05,237.9884615377108
31.0,2021-12-06,158.61663493039126
31.0,2021-12-07,152.5106544173188
31.0,2021-12-08,124.36105630114822
31.0,2021-12-09,178.59136438130227
31.0,2021-12-10,123.06010638201064
31.0,2021-12-11,234.83344527349806
31.0,2021-12-12,221.15256468875936
31.0,2021-12-13,175.99656206419195
31.0,2021-12-14,272.54224344307266
31.0,2021-12-15,149.67269473455482
31.0,2021-12-16,179.47612213547356
31.0,2021-12-17,237.25182787392117
31.0,2021-12-18,308.9820284230749
31.0,2021-12-19,299.1361813345235
31.0,2021-12-20,139.0687345592078
31.0,2021-12-21,204.18798997566057
31.0,2021-12-22,154.3035745601659
31.0,2021-12-23,188.64860298776642
31.0,2021-12-24,227.063779588313
31.0,2021-12-25,270.0316282456114
31.0,2021-12-26,288.0623129790232
31.0,2021-12-27,178.53503745561983
31.0,2021-12-28,159.39998402914011
31.0,2021-12-29,199.182601485416
31.0,2021-12-30,147.18530375390014
31.0,2021-12-31,174.75601366961783
32.0,2021-12-04,920.0863516917361
32.0,2021-12-05,855.6630118086198
32.0,2021-12-06,411.7786540692507
32.0,2021-12-07,424.3235159248469
32.0,2021-12-08,411.529164610689
32.0,2021-12-09,358.43120577096124
32.0,2021-12-10,420.8198459872473
32.0,2021-12-11,757.2405887960517
32.0,2021-12-12,638.2425808712654
32.0,2021-12-13,461.7942225907749
32.0,2021-12-14,374.44171891949986
32.0,2021-12-15,391.72272086838313
32.0,2021-12-16,403.34189344579954
32.0,2021-12-17,385.0994524725354
32.0,2021-12-18,724.793384450768
32.0,2021-12-19,780.1811539715809
32.0,2021-12-20,346.83182553808484
32.0,2021-12-21,362.70863147658815
32.0,2021-12-22,236.425486796399
32.0,2021-12-23,330.2253657551253
32.0,2021-12-24,291.6803658848429
32.0,2021-12-25,672.0468373903877
32.0,2021-12-26,801.9297434794025
32.0,2021-12-27,520.0232830584221
32.0,2021-12-28,401.4167291786183
32.0,2021-12-29,281.41591387963456
32.0,2021-12-30,265.3145297055694
32.0,2021-12-31,397.55028667843067
33.0,2021-12-04,210.12192156846203
33.0,2021-12-05,220.2979275145402
33.0,2021-12-06,182.95256875485626
33.0,2021-12-07,127.61995632682184
33.0,2021-12-08,173.22721058401018
33.0,2021-12-09,210.1791196308368
33.0,2021-12-10,219.07432554110756
33.0,2021-12-11,304.18745395033454
33.0,2021-12-12,243.56806787738333
33.0,2021-12-13,183.3835751153129
33.0,2021-12-14,252.02867483333137
33.0,2021-12-15,236.51767941152903
33.0,2021-12-16,212.03001105443388
33.0,2021-12-17,162.7158709179893
33.0,2021-12-18,251.92570211802786
33.0,2021-12-19,162.66899968500746
33.0,2021-12-20,176.336071114845
33.0,2021-12-21,190.2963887592113
33.0,2021-12-22,216.1015418958701
33.0,2021-12-23,201.30525766045497
33.0,2021-12-24,193.47757262748888
33.0,2021-12-25,296.1693055736618
33.0,2021-12-26,242.25675163899422
33.0,2021-12-27,178.86539401119921
33.0,2021-12-28,199.21594201127724
33.0,2021-12-29,209.67381961302672
33.0,2021-12-30,219.02819484727883
33.0,2021-12-31,235.20573164118218
34.0,2021-12-04,250.7840111279141
34.0,2021-12-05,214.7310804851641
34.0,2021-12-06,111.17717103697343
34.0,2021-12-07,110.27545897710439
34.0,2021-12-08,120.26409847252071
34.0,2021-12-09,162.74512244453717
34.0,2021-12-10,173.87047238961895
34.0,2021-12-11,241.35741680780365
34.0,2021-12-12,229.39858644739832
34.0,2021-12-13,135.1575545760062
34.0,2021-12-14,133.7664673353311
34.0,2021-12-15,132.26375604603095
34.0,2021-12-16,172.36927462985835
34.0,2021-12-17,151.9804449286114
34.0,2021-12-18,268.54590732962026
34.0,2021-12-19,331.5381254291171
34.0,2021-12-20,103.56412598530264
34.0,2021-12-21,213.5931103852003
34.0,2021-12-22,224.95150238184408
34.0,2021-12-23,125.42098719390108
34.0,2021-12-24,116.80602128763624
34.0,2021-12-25,232.47285600327464
34.0,2021-12-26,269.37472824586786
34.0,2021-12-27,112.34399569936127
34.0,2021-12-28,132.74154264382696
34.0,2021-12-29,181.9934874903327
34.0,2021-12-30,117.79089400175928
34.0,2021-12-31,175.17079644736776
35.0,2021-12-04,1033.3186022980594
35.0,2021-12-05,830.3033660861423
35.0,2021-12-06,509.88812700917487
35.0,2021-12-07,742.4354344308842
35.0,2021-12-08,660.1396020427555
35.0,2021-12-09,545.2853210218885
35.0,2021-12-10,604.0862044255766
35.0,2021-12-11,982.0030114717265
35.0,2021-12-12,746.1756166904966
35.0,2021-12-13,544.55023694897
35.0,2021-12-14,726.5932996333984
35.0,2021-12-15,677.7722351161913
35.0,2021-12-16,664.6150173223907
35.0,2021-12-17,725.5808032876855
35.0,2021-12-18,939.7416139185267
35.0,2021-12-19,839.1052284509913
35.0,2021-12-20,626.1986185905184
35.0,2021-12-21,567.2805335001715
35.0,2021-12-22,689.7703887165345
35.0,2021-12-23,728.2392380292172
35.0,2021-12-24,624.5659761556365
35.0,2021-12-25,810.1419649042748
35.0,2021-12-26,845.387465337642
35.0,2021-12-27,743.0733114794969
35.0,2021-12-28,674.2881746768662
35.0,2021-12-29,694.6103835064309
35.0,2021-12-30,720.3511084170436
35.0,2021-12-31,743.3650899273978
36.0,2021-12-04,860.1377990763193
36.0,2021-12-05,996.357075660867
36.0,2021-12-06,756.8288148049139
36.0,2021-12-07,768.9987235698127
36.0,2021-12-08,954.5013490301301
36.0,2021-12-09,739.6412564617683
36.0,2021-12-10,881.761739734955
36.0,2021-12-11,1064.3269071865016
36.0,2021-12-12,1099.2746327704044
36.0,2021-12-13,667.6925515104481
36.0,2021-12-14,569.3838237254088
36.0,2021-12-15,1043.5010622564714
36.0,2021-12-16,905.9618704419521
36.0,2021-12-17,1001.9152970107457
36.0,2021-12-18,1107.1217094725803
36.0,2021-12-19,1039.4733784387056
36.0,2021-12-20,834.0286163657314
36.0,2021-12-21,904.6700429097981
36.0,2021-12-22,629.3321869083165
36.0,2021-12-23,686.5409613680378
36.0,2021-12-24,875.673896299312
36.0,2021-12-25,1132.76589672758
36.0,2021-12-26,1213.9294693562142
36.0,2021-12-27,745.9379798034083
36.0,2021-12-28,909.8615074340798
36.0,2021-12-29,1030.214774060054
36.0,2021-12-30,756.3947167200722
36.0,2021-12-31,753.1750518892202
37.0,2021-12-04,919.3848845214166
37.0,2021-12-05,788.0253288379758
37.0,2021-12-06,626.8203242668744
37.0,2021-12-07,585.5942895297192
37.0,2021-12-08,647.4335077342905
37.0,2021-12-09,607.7765968878487
37.0,2021-12-10,712.6462483233252
37.0,2021-12-11,914.0227083420612
37.0,2021-12-12,812.1827841292167
37.0,2021-12-13,583.273552896053
37.0,2021-12-14,578.2192881825779
37.0,2021-12-15,575.5676525042927
37.0,2021-12-16,692.1847755550089
37.0,2021-12-17,580.7869237788317
37.0,2021-12-18,856.9117995046336
37.0,2021-12-19,866.7976392874592
37.0,2021-12-20,654.632403968553
37.0,2021-12-21,694.0543838599788
37.0,2021-12-22,623.1152500704579
37.0,2021-12-23,779.5278993601044
37.0,2021-12-24,618.9100320074529
37.0,2021-12-25,753.1605171699223
37.0,2021-12-26,846.8281204630382
37.0,2021-12-27,514.6206992603443
37.0,2021-12-28,572.094409306286
37.0,2021-12-29,702.7688072950025
37.0,2021-12-30,723.8379339736139
37.0,2021-12-31,705.283367080743
38.0,2021-12-04,2661.018879370339
38.0,2021-12-05,2610.859364590815
38.0,2021-12-06,1757.8795386845065
38.0,2021-12-07,2063.4572523142124
38.0,2021-12-08,2029.650426570204
38.0,2021-12-09,2317.358170137794
38.0,2021-12-10,1937.2385679784088
38.0,2021-12-11,2918.943806484471
38.0,2021-12-12,2897.4577672850846
38.0,2021-12-13,2376.26558857651
38.0,2021-12-14,2023.2060364015824
38.0,2021-12-15,2149.6491767934904
38.0,2021-12-16,2072.219190722718
38.0,2021-12-17,2427.6484836226646
38.0,2021-12-18,3001.8110131323874
38.0,2021-12-19,2389.900979298002
38.0,2021-12-20,1944.852865207075
38.0,2021-12-21,2226.1906778422745
38.0,2021-12-22,2033.6618154939797
38.0,2021-12-23,2234.318703890712
38.0,2021-12-24,2349.885165517325
38.0,2021-12-25,2950.676183351181
38.0,2021-12-26,2727.947634128599
38.0,2021-12-27,2206.4465118306443
38.0,2021-12-28,1501.1633789643474
38.0,2021-12-29,1912.0785919166385
38.0,2021-12-30,2568.4760495776372
38.0,2021-12-31,1661.6361741830515
39.0,2021-12-04,1456.5415114065304
39.0,2021-12-05,1368.4729117050179
39.0,2021-12-06,1398.4815156338184
39.0,2021-12-07,1371.4981207998262
39.0,2021-12-08,1414.9513923293543
39.0,2021-12-09,1362.2988956035229
39.0,2021-12-10,1139.0209131476263
39.0,2021-12-11,1979.8976759596171
39.0,2021-12-12,1405.1317719008089
39.0,2021-12-13,1349.191092645714
39.0,2021-12-14,1377.5461730065094
39.0,2021-12-15,1023.0234368799787
39.0,2021-12-16,1104.900163144878
39.0,2021-12-17,1336.3063287944478
39.0,2021-12-18,1924.6393719609327
39.0,2021-12-19,1852.6529524220016
39.0,2021-12-20,1210.3998130603547
39.0,2021-12-21,887.7238365091176
39.0,2021-12-22,971.5000568520607
39.0,2021-12-23,1543.9832373372406
39.0,2021-12-24,1026.3654848061126
39.0,2021-12-25,2120.061695135192
39.0,2021-12-26,2004.9066115441333
39.0,2021-12-27,1395.7283484950403
39.0,2021-12-28,1051.6525423591697
39.0,2021-12-29,1204.4453943106203
39.0,2021-12-30,1607.403236494219
39.0,2021-12-31,1577.6772971533978
40.0,2021-12-04,832.4397226748001
40.0,2021-12-05,726.033332256281
40.0,2021-12-06,432.9622540147758
40.0,2021-12-07,450.99855922139085
40.0,2021-12-08,437.9444957646771
40.0,2021-12-09,448.6020727385221
40.0,2021-12-10,546.881485597187
40.0,2021-12-11,576.5083883301099
40.0,2021-12-12,688.5197063090689
40.0,2021-12-13,405.9292311514
40.0,2021-12-14,447.30282135225127
40.0,2021-12-15,376.7705575199443
40.0,2021-12-16,337.5906458052413
40.0,2021-12-17,520.8220884593752
40.0,2021-12-18,587.6984032459854
40.0,2021-12-19,634.3104749288932
40.0,2021-12-20,449.1059081895976
40.0,2021-12-21,325.60022456040184
40.0,2021-12-22,381.38805593433506
40.0,2021-12-23,254.33507615854285
40.0,2021-12-24,437.82944588589874
40.0,2021-12-25,618.079809863253
40.0,2021-12-26,771.3661816810272
40.0,2021-12-27,333.64626671145464
40.0,2021-12-28,287.7211241467001
40.0,2021-12-29,287.26959328528625
40.0,2021-12-30,366.5903953783805
40.0,2021-12-31,348.09412655640324
41.0,2021-12-04,1436.4528784929971
41.0,2021-12-05,1365.0131681739615
41.0,2021-12-06,1293.7558712632133
41.0,2021-12-07,1446.957248036616
41.0,2021-12-08,1594.043852102443
41.0,2021-12-09,1380.2460761909183
41.0,2021-12-10,1437.679010781736
41.0,2021-12-11,1421.3570788698823
41.0,2021-12-12,1376.3165826467325
41.0,2021-12-13,990.8537584308488
41.0,2021-12-14,1164.077444588877
41.0,2021-12-15,1123.5766103739732
41.0,2021-12-16,1244.3800766684728
41.0,2021-12-17,1278.0712894026399
41.0,2021-12-18,1171.7618943737457
41.0,2021-12-19,1379.235901641863
41.0,2021-12-20,1330.5949748767657
41.0,2021-12-21,1304.8596274360707
41.0,2021-12-22,1280.1817890035504
41.0,2021-12-23,1422.6460434099276
41.0,2021-12-24,1149.606553677424
41.0,2021-12-25,1317.2232666704735
41.0,2021-12-26,1370.9645083512346
41.0,2021-12-27,1258.2534214746001
41.0,2021-12-28,1154.358028252532
41.0,2021-12-29,1272.2776705014278
41.0,2021-12-30,1332.765937963607
41.0,2021-12-31,1337.0873786620232
42.0,2021-12-04,1603.3779884967764
42.0,2021-12-05,1700.195925525408
42.0,2021-12-06,1121.713060274114
42.0,2021-12-07,1065.0976641932164
42.0,2021-12-08,1047.7848291190485
42.0,2021-12-09,1028.5054031806317
42.0,2021-12-10,909.5973923083088
42.0,2021-12-11,1623.2559113581615
42.0,2021-12-12,1383.6697533820961
42.0,2021-12-13,905.447017433382
42.0,2021-12-14,1002.8566204602419
42.0,2021-12-15,975.5519707955946
42.0,2021-12-16,1147.5903895962579
42.0,2021-12-17,1097.086233771768
42.0,2021-12-18,1542.631343366236
42.0,2021-12-19,1672.9929678383469
42.0,2021-12-20,1006.7267336625343
42.0,2021-12-21,873.1649983474514
42.0,2021-12-22,799.2604690242871
42.0,2021-12-23,901.7502269470939
42.0,2021-12-24,1282.0532097017021
42.0,2021-12-25,1615.4614414791233
42.0,2021-12-26,1526.108160374836
42.0,2021-12-27,951.3713123787498
42.0,2021-12-28,1212.9415905179499
42.0,2021-12-29,947.0647667648464
42.0,2021-12-30,916.830396860515
42.0,2021-12-31,961.500716459761
43.0,2021-12-04,1033.991018295675
43.0,2021-12-05,1026.5060167709655
43.0,2021-12-06,587.6547074242432
43.0,2021-12-07,653.2473297610063
43.0,2021-12-08,574.820377524544
43.0,2021-12-09,776.6656390540675
43.0,2021-12-10,757.2608377354245
43.0,2021-12-11,1122.468668656626
43.0,2021-12-12,1264.904316962245
43.0,2021-12-13,763.9369859310547
43.0,2021-12-14,703.1957170229812
43.0,2021-12-15,584.6597438377377
43.0,2021-12-16,506.5295501856144
43.0,2021-12-17,475.4268208378773
43.0,2021-12-18,1154.7337219762157
43.0,2021-12-19,1060.6196322082205
43.0,2021-12-20,666.1329812348263
43.0,2021-12-21,642.1770236406246
43.0,2021-12-22,507.0876525087911
43.0,2021-12-23,664.2258524470485
43.0,2021-12-24,664.5711893677685
43.0,2021-12-25,1216.1113200205957
43.0,2021-12-26,1138.763387953356
43.0,2021-12-27,492.33487798673343
43.0,2021-12-28,619.4561182486034
43.0,2021-12-29,719.1160170267015
43.0,2021-12-30,578.4824546433574
43.0,2021-12-31,734.4697649147098
44.0,2021-12-04,1558.2403357930039
44.0,2021-12-05,1480.2723765023588
44.0,2021-12-06,1100.4842909663519
44.0,2021-12-07,920.3650559319439
44.0,2021-12-08,1157.8615333694747
44.0,2021-12-09,1361.7385872176926
44.0,2021-12-10,1332.5058621824996
44.0,2021-12-11,1675.6105913141832
44.0,2021-12-12,1768.6505531158477
44.0,2021-12-13,1263.182646953786
44.0,2021-12-14,1176.2654096423385
44.0,2021-12-15,921.0242029022847
44.0,2021-12-16,833.43519401929
44.0,2021-12-17,950.4557209392785
44.0,2021-12-18,1648.594369927886
44.0,2021-12-19,1495.996128046223
44.0,2021-12-20,1073.8345796602675
44.0,2021-12-21,693.223063497012
44.0,2021-12-22,979.542381521334
44.0,2021-12-23,1129.980160153013
44.0,2021-12-24,1236.20162940413
44.0,2021-12-25,1539.8360328724623
44.0,2021-12-26,1529.1145790097878
44.0,2021-12-27,1163.6334366066912
44.0,2021-12-28,991.9894477882399
44.0,2021-12-29,1179.9187459457005
44.0,2021-12-30,1094.5278160555454
44.0,2021-12-31,1016.3417892404159
45.0,2021-12-04,2108.3826175878567
45.0,2021-12-05,2249.448214076214
45.0,2021-12-06,1392.9776817041793
45.0,2021-12-07,1489.9212175797727
45.0,2021-12-08,1672.9682885578165
45.0,2021-12-09,1533.0933603248882
45.0,2021-12-10,1283.8139452058072
45.0,2021-12-11,1770.000919845105
45.0,2021-12-12,2323.649827315913
45.0,2021-12-13,1141.7581319964643
45.0,2021-12-14,1527.0751730404595
45.0,2021-12-15,1732.402904632469
45.0,2021-12-16,1385.4546770376598
45.0,2021-12-17,1751.0764707925123
45.0,2021-12-18,2120.843856271191
45.0,2021-12-19,1905.8245501603355
45.0,2021-12-20,1562.8529999670404
45.0,2021-12-21,1498.2546126024893
45.0,2021-12-22,1412.8948316524502
45.0,2021-12-23,1514.611473625688
45.0,2021-12-24,1697.9576964509004
45.0,2021-12-25,2156.087065146275
45.0,2021-12-26,2512.063185258844
45.0,2021-12-27,1440.1243752335597
45.0,2021-12-28,1371.2878436238711
45.0,2021-12-29,1772.0072431037643
45.0,2021-12-30,1431.9523514609814
45.0,2021-12-31,1748.1918627895034
46.0,2021-12-04,969.9858356232369
46.0,2021-12-05,804.4062884715031
46.0,2021-12-06,910.8699667400938
46.0,2021-12-07,907.5149529915967
46.0,2021-12-08,671.3951056380323
46.0,2021-12-09,738.3221189046687
46.0,2021-12-10,1055.1685433343255
46.0,2021-12-11,975.7624228289889
46.0,2021-12-12,888.7074814048716
46.0,2021-12-13,917.2502794829228
46.0,2021-12-14,671.0365793920289
46.0,2021-12-15,898.3860281439245
46.0,2021-12-16,725.8777081792102
46.0,2021-12-17,780.4328006802237
46.0,2021-12-18,1156.8058095506572
46.0,2021-12-19,1058.9572043420958
46.0,2021-12-20,889.4761536590786
46.0,2021-12-21,711.8524104546985
46.0,2021-12-22,784.6151972190426
46.0,2021-12-23,922.8818501511461
46.0,2021-12-24,888.2650846043815
46.0,2021-12-25,1162.9940048879566
46.0,2021-12-26,1078.7601994695813
46.0,2021-12-27,954.6692035507921
46.0,2021-12-28,1074.411901073022
46.0,2021-12-29,920.1323417794057
46.0,2021-12-30,997.2170196933916
46.0,2021-12-31,946.1052251156516
47.0,2021-12-04,3073.7078688659235
47.0,2021-12-05,3363.376856587279
47.0,2021-12-06,1979.3623171090517
47.0,2021-12-07,1878.7735108966162
47.0,2021-12-08,2129.1196634885546
47.0,2021-12-09,1684.6732650696104
47.0,2021-12-10,2313.6070907591393
47.0,2021-12-11,3413.2939876576534
47.0,2021-12-12,3420.198296176452
47.0,2021-12-13,1858.744748201353
47.0,2021-12-14,1762.1165509878033
47.0,2021-12-15,1912.3962439771663
47.0,2021-12-16,1950.8195665689436
47.0,2021-12-17,1622.877380735191
47.0,2021-12-18,2861.1023190166243
47.0,2021-12-19,2731.274770479349
47.0,2021-12-20,2314.6438522650506
47.0,2021-12-21,1916.8671171597844
47.0,2021-12-22,2277.1933731255604
47.0,2021-12-23,1986.6420004124232
47.0,2021-12-24,2076.861723539255
47.0,2021-12-25,3016.9677296046193
47.0,2021-12-26,3004.257611528201
47.0,2021-12-27,2151.8245121444065
47.0,2021-12-28,1916.6142628897655
47.0,2021-12-29,2289.3126385091177
47.0,2021-12-30,1869.3565839706
47.0,2021-12-31,2374.1199960934023
48.0,2021-12-04,972.7560377558452
48.0,2021-12-05,1282.4935882163768
48.0,2021-12-06,725.2283583635494
48.0,2021-12-07,676.8150846733663
48.0,2021-12-08,789.989562645645
48.0,2021-12-09,1238.5641816711072
48.0,2021-12-10,906.6475315543107
48.0,2021-12-11,1063.7978486561342
48.0,2021-12-12,1349.6901524512891
48.0,2021-12-13,853.2809674599494
48.0,2021-12-14,937.4659687377538
48.0,2021-12-15,736.5254406448204
48.0,2021-12-16,984.3371732295727
48.0,2021-12-17,1131.1960158016977
48.0,2021-12-18,1535.9416335874757
48.0,2021-12-19,1227.3264757520242
48.0,2021-12-20,881.1630733758323
48.0,2021-12-21,834.2196179029179
48.0,2021-12-22,947.0238072524783
48.0,2021-12-23,973.5503543353427
48.0,2021-12-24,848.192762898379
48.0,2021-12-25,1267.9111821335316
48.0,2021-12-26,1376.5298002139166
48.0,2021-12-27,984.4173785683921
48.0,2021-12-28,881.2193629979486
48.0,2021-12-29,938.1297727198528
48.0,2021-12-30,897.9234863069132
48.0,2021-12-31,855.9006259373612
49.0,2021-12-04,2657.635095047345
49.0,2021-12-05,2540.074899078578
49.0,2021-12-06,1346.1889705941805
49.0,2021-12-07,1493.7258762283313
49.0,2021-12-08,1223.4412323968418
49.0,2021-12-09,1206.3793554691556
49.0,2021-12-10,1608.3383890675361
49.0,2021-12-11,3021.416958640126
49.0,2021-12-12,2733.5795978574674
49.0,2021-12-13,1383.9540630358224
49.0,2021-12-14,1300.1669389060382
49.0,2021-12-15,1263.0139679268868
49.0,2021-12-16,1082.0859987133654
49.0,2021-12-17,1414.6005795325466
49.0,2021-12-18,2457.941729101692
49.0,2021-12-19,2636.8301997283497
49.0,2021-12-20,1131.3858014545185
49.0,2021-12-21,1270.915537443192
49.0,2021-12-22,1425.4726273752565
49.0,2021-12-23,1200.4320447449124
49.0,2021-12-24,1265.8553171902709
49.0,2021-12-25,2464.5152072434357
49.0,2021-12-26,2527.02601856971
49.0,2021-12-27,1494.757664685826
49.0,2021-12-28,1503.024811924336
49.0,2021-12-29,1456.6272756807293
49.0,2021-12-30,1259.3122159622199
49.0,2021-12-31,1438.0066456079003
